{"0.01": {"scratch": {"error": [0.8657407407407407, 0.537037037037037, 0.44907407407407407, 0.43518518518518523, 0.28240740740740744], "epoch": [1, 2, 3, 4, 5], "loss": [2.4542417526245117, 1.8889037370681763, 1.4136855602264404, 1.1327109336853027, 1.0438557863235474], "val_error": [0.9043560606060606, 0.8899147727272727, 0.8426846590909091, 0.8942945075757577, 0.8883167613636364], "val_loss": [2.297014843333851, 2.304017099467191, 2.3121446154334326, 2.3487378033724697, 2.427647829055786]}, "tl": {"error": [0.9166666666666666, 0.8981481481481481, 0.8472222222222222, 0.7962962962962963, 0.7407407407407407], "epoch": [1, 2, 3, 4, 5], "loss": [2.6213650703430176, 2.420579671859741, 2.2831387519836426, 2.1695942878723145, 2.0573742389678955], "val_error": [0.9485085227272727, 0.9272017045454546, 0.8520359848484849, 0.8015506628787878, 0.7841500946969696], "val_loss": [2.437691710212014, 2.3752739971334282, 2.3372438712553545, 2.3053386969999834, 2.279017610983415]}, "ft": {"error": [0.8703703703703703, 0.17129629629629628, 0.00462962962962965, 0.0, 0.0], "epoch": [1, 2, 3, 4, 5], "loss": [2.7365224361419678, 0.5990582704544067, 0.10339509695768356, 0.019579827785491943, 0.009145153686404228], "val_error": [0.8794389204545454, 0.7559185606060606, 0.6983309659090909, 0.6885061553030303, 0.6841856060606061], "val_loss": [3.272832740436901, 2.624851042574102, 2.5966888557780874, 2.85107637535442, 3.2788032835180108]}, "ssl (tl)": {"error": [1.0, 0.9953703703703703, 0.9953703703703703, 0.9953703703703703, 0.9861111111111112], "epoch": [1, 2, 3, 4, 5], "loss": [9.11509895324707, 8.751392364501953, 8.393074989318848, 8.039750099182129, 7.693246364593506], "val_error": [0.9989346590909091, 0.9989346590909091, 0.9987571022727273, 0.9973366477272727, 0.9962713068181818], "val_loss": [9.248354391618209, 8.984233162619851, 8.731686722148549, 8.487123662775213, 8.246370098807596]}, "ssl (ft)": {"error": [1.0, 0.9953703703703703, 0.9953703703703703, 0.9953703703703703, 0.9861111111111112], "epoch": [1, 2, 3, 4, 5], "loss": [9.115442276000977, 8.751311302185059, 8.392985343933105, 8.039387702941895, 7.693142414093018], "val_error": [0.9989346590909091, 0.9989346590909091, 0.9987571022727273, 0.9975142045454546, 0.99609375], "val_loss": [9.248376629569314, 8.984324758703059, 8.731880361383611, 8.487340276891535, 8.246551600369541]}}, "0.05": {"scratch": {"error": [0.6658482142857143, 0.5295758928571429, 0.38660714285714287, 0.35267857142857145, 0.26919642857142856], "epoch": [1, 2, 3, 4, 5], "loss": [1.9231117248535157, 1.4298292636871337, 1.0985346674919128, 0.9108485460281373, 0.7711826086044311], "val_error": [0.8828716856060606, 0.8883167613636364, 0.8864228219696969, 0.8866003787878788, 0.8866003787878788], "val_loss": [2.4404686147516426, 2.963466774333607, 4.443384604020552, 7.041333350268277, 9.416753855618564]}, "tl": {"error": [0.8547991071428571, 0.6723214285714285, 0.4856026785714286, 0.3515625, 0.2916294642857143], "epoch": [1, 2, 3, 4, 5], "loss": [2.370501661300659, 1.9800273656845093, 1.6684409856796265, 1.3912530899047852, 1.1987433910369873], "val_error": [0.7829663825757577, 0.7849195075757577, 0.6997514204545454, 0.5833925189393939, 0.504202178030303], "val_loss": [2.2756518450650303, 2.2010994282635776, 2.0920715928077698, 1.8912458961660212, 1.6797435608777134]}, "ft": {"error": [0.35848214285714286, 0.06026785714285714, 0.04754464285714286, 0.03571428571428572, 0.04799107142857142], "epoch": [1, 2, 3, 4, 5], "loss": [1.1011268079280854, 0.1975302666425705, 0.17911296412348748, 0.10386365056037902, 0.15246740877628326], "val_error": [0.6720525568181818, 0.43152225378787884, 0.5030776515151515, 0.43714488636363635, 0.2762784090909091], "val_loss": [4.288590333678505, 2.413596445863897, 3.2074390433051367, 2.7087542685595425, 1.345183708451011]}, "ssl (tl)": {"error": [0.99765625, 0.9819196428571428, 0.9246651785714286, 0.81953125, 0.6938616071428572], "epoch": [1, 2, 3, 4, 5], "loss": [8.516128540039062, 7.3139725685119625, 6.1306150436401365, 5.01409330368042, 4.116577816009522], "val_error": [0.9966264204545454, 0.9766216856060606, 0.9466145833333333, 0.8269412878787878, 0.6674952651515151], "val_loss": [8.343941710212015, 7.242146513678811, 6.082947145808827, 4.909647074612704, 3.911008693955161]}, "ssl (ft)": {"error": [0.9940848214285714, 0.9811383928571429, 0.9190848214285715, 0.8141741071428571, 0.6800223214285714], "epoch": [1, 2, 3, 4, 5], "loss": [8.56286792755127, 7.219046306610108, 6.042841243743896, 5.023936748504639, 4.14596734046936], "val_error": [0.9962713068181818, 0.9753787878787878, 0.9389796401515151, 0.820904356060606, 0.6551254734848485], "val_loss": [8.339808507399125, 7.221932432868264, 6.032749349420721, 4.884054920890114, 3.8683464527130127]}}, "0.1": {"scratch": {"error": [0.5431547619047619, 0.3823784722222222, 0.3077876984126984, 0.25049603174603174, 0.20765128968253968], "epoch": [1, 2, 3, 4, 5], "loss": [1.6608800093332927, 1.0467369026607938, 0.8334154817793105, 0.7091327177153693, 0.562167270316018], "val_error": [0.875591856060606, 0.8802083333333333, 0.8866003787878788, 0.8668915719696969, 0.810546875], "val_loss": [2.8817657232284546, 4.93263392014937, 6.393288764086637, 5.791652657768943, 5.4536122408780185]}, "tl": {"error": [0.7735615079365079, 0.46205357142857145, 0.3181423611111111, 0.2477058531746032, 0.2061011904761905], "epoch": [1, 2, 3, 4, 5], "loss": [2.232394231690301, 1.6164463096194797, 1.2295534080929227, 0.9861330125066969, 0.8458861509958903], "val_error": [0.7861624053030304, 0.6084872159090909, 0.48715672348484845, 0.369140625, 0.2794744318181818], "val_loss": [2.2215780344876377, 1.9708257100798867, 1.5986824035644531, 1.2468888380310752, 0.9823916717009111]}, "ft": {"error": [0.2529141865079365, 0.06398809523809523, 0.031374007936507936, 0.02895585317460318, 0.024863591269841265], "epoch": [1, 2, 3, 4, 5], "loss": [0.8163886268933614, 0.22002597153186798, 0.09963107729951541, 0.09423356296287642, 0.07649886608123779], "val_error": [0.4194483901515152, 0.33055160984848486, 0.22111742424242423, 0.18140388257575757, 0.15897253787878787], "val_loss": [1.9173492030663923, 2.439945697784424, 0.9736484478820454, 0.7737120362845334, 0.6990558139302514]}, "ssl (tl)": {"error": [0.9910714285714286, 0.8885788690476191, 0.6900421626984127, 0.5148809523809523, 0.40234375], "epoch": [1, 2, 3, 4, 5], "loss": [7.956360869937473, 5.850909392038981, 4.074383497238159, 2.8295220534006753, 2.0135794083277383], "val_error": [0.9780421401515151, 0.8667732007575758, 0.6025686553030303, 0.47739109848484845, 0.40737452651515155], "val_loss": [7.37036809054288, 5.196354801004583, 3.421163493936712, 2.471120747652921, 1.9104092554612593]}, "ssl (ft)": {"error": [0.9874751984126985, 0.8924231150793651, 0.6890500992063492, 0.5082465277777778, 0.40761408730158727], "epoch": [1, 2, 3, 4, 5], "loss": [8.03484386867947, 5.957119199964735, 4.15853918923272, 2.920369757546319, 2.0662235021591187], "val_error": [0.9841974431818182, 0.8916311553030304, 0.6197916666666666, 0.4952059659090909, 0.4186789772727273], "val_loss": [7.705165104432539, 5.477225000208074, 3.6320792653343896, 2.6298772421750156, 2.043128815564242]}}}